Sl No,Organisation Name ,InstituteName,InstituteAddress,InstituteCode/A ffiliation No,School Type,PhoneNumber,
1,515 army base wkshop high school,515 army base wkshop high school,"515 army base wkshop high school, cambridge road cross, halasuru
,560008",880016,,Secondary School,8025307559
2,A M C SCHOOL,A M C SCHOOL,"18TH KM NATIONAL PARK ROAD BANGALORE KARNATAKA ,560083",830145,,Secondary School,080 27828657
3,ACHIEVERS ACADEMY,ACHIEVERS ACADEMY,"NO:49,SRIRAMPURA VILLAGE,BOMMASANDRA- JIGANI LINK ROAD,ANEKAL TALUK,BANGALORE 562105.
,562105",830619,,Secondary School,8027839266
4,AECS MAGNOLIA MAARUTI PUBLIC SCHOOL,AECS MAGNOLIA MAARUTI PUBLIC SCHOOL,"909/36, AREKERE, BANNERGHATTA ROAD,
,560076",830230,,Senior Secondary,080 26485622
5,Agragami Vidya Kendra,Agragami Vidya Kendra,"C/A site No.15/1A A sector 13th Main Road, 80 Feet road, Yelahanka New Town, Distt Bangalore, Karnataka ,560064",830199,,Secondary School,080 41686714
6,AIR FORCE SCHOOL,AIR FORCE SCHOOL(A.F.S YELAHANKA ),"A.F.S YELAHANKA BANGALORE KARNATAKA
,560063",880010,,Secondary School,080 28478067
7,AIR FORCE SCHOOL,AIR FORCE SCHOOL(J C NAGAR HEBBAL),"POST J C NAGAR HEBBAL BANGALORE KARNATAKA
,560006",880005,,Secondary School,"080 23411061
extb 7955 7631
7633"
8,AIR FORCE SCHOOL,AIR FORCE SCHOOL(JALAHALLI EAST),"JALAHALLI EAST BANGALORE KARNATAKA ,560014",880006,,Secondary School,080 8397641
9,AIR FORCE SCHOOL,AIR FORCE SCHOOL(MURUGESHPALAYAM ),"MURUGESHPALAYAM CAMP VIMANPURA POST BANGALORE KARNATAKA
,560017",880009,,Secondary School,080 5272332
10,akash international residential public school,akash international residential public school,"baichapura devanahalli town prasannahalli road, bangale rural- 562110, prasannahalli road, bangale rural district. ,562110",830419,,Senior Secondary,91 9480355444
11,ALPINE PUBLIC SCHOOL,ALPINE PUBLIC SCHOOL,"OFF KANAKPURA ROAD, BEHIND METRO. OPP OF DELHI PUBLIC SCHOOL, BANGALORE
,560062",830299,,Senior Secondary,91 7815010800
12,AMARA JYOTHI PUBLIC SCHOOL,AMARA JYOTHI PUBLIC SCHOOL,"BASAVANAPURA MAIN ROAD DEVA SANDRA K R PURAM BANGALORE KARNATAKA
,560036",830149,,Secondary School,080 64501555
13,AMRITA VIDYALAYAM(JNANABHARATH I II STAGE),AMRITA VIDYALAYAM(JNANABHARATH I II STAGE),"#136, MATA AMRITANANDAMAYI ROAD, JNANABHARATHI II STAGE,(BEHIND BANGALORE UNIVERSITY) ULLALA UPANAGARA POST ,560056",830260,,Secondary School,080 64558737
14,,ANAND SHIKSHA KENDRA,"KAIKONDANAHALLI BELANDUR GATE CARMELRAM POST SARJAPUR ROAD BANGALORE KARNATAKA ,560035",830105,,Senior Secondary,080 41688547
15,,ARMY PUBLIC SCHOOL(A.S.C CENTRE SOUTH AGARAM POST),"A.S.C CENTRE SOUTH AGARAM POST BANGALORE KARNATAKA ,560007",880017,,Secondary School,080 5550677
16,,ARMY PUBLIC SCHOOL(K KAMARAJ ROAD),"ABDUL HAMID BARRACKS K KAMARAJ ROAD BANGALORE KARNATAKA ,560042",880004,,Secondary School,080 5591999
17,,ARMY PUBLIC SCHOOL(MEKHRI CIRCLE),"NEAR MEKHRI CIRCLE J C NAGAR P.O. BANGALORE KARNATAKA ,560006",880012,,Senior Secondary,080 23433341
18,,ASHOK INTERNATIONAL PUBLIC SCHOOL,"Vasanthappa Main Road, Kammagondahalli, Bangalore - 560 015. ,560015",830291,,Secondary School,0 23450848
19,,ASIA PACIFIC WORLD SCHOOL,"#39/2, Serenity Layout, Kaikondrahalli, Varthur Hobli, Sarjapur Main Road, ,560035",830821,,Secondary School,080 65973261
20,,Assisi School,"Assisi Road, Sacred Hearts Road, T.C.Palya Main Road, ,560036",830659,,Secondary School,080 28474109
21,,Atreya Vidyaniketan,"no. 75/9 & 10, 15th main road, 11th cross, ward no. 13, j.c.nagar (kurubarahalli) bangale - 560086
,560086",830389,,Secondary School,080 23190295
22,,Auden School,"No.6, 7th Block, B.S.K. 3rd Stage, Bangalore -560085 ,560085",830806,,Secondary School,8026722888
23,,Auro Mirra International School,"No. 110 Gangadhar Chetty Road Halasuru ,560008",830752,,Secondary School,080 25580888
24,,BBUL JAIN VIDYALAYA,"84 K.R. ROAD SHANKARAPURAM BANGALORE KARNATAKA
,560004",830012,,Senior Secondary,080 41554379
25,,BEL SCHOOL,"M E S ROAD JALAHALLI BANGALORE KARNATAKA
,560013",830033,,Secondary School,080 22195682
26,,BMN PUBLIC SCHOOL,"MAKALI.ALUR ROAD, BANGALORE NORTH ,562123",830227,,Secondary School,080 65355600
27,,BRS GLOBAL SCHOOL,"No.15/3, Kasavanahalli Village , Sarjapura Main Road ,Carmellaram Post,Bangalore-560035 ,560035",830346,,Secondary School,080 42172280
28,,BRV Public School,"No. 06, M S Linge Gowda Layout, Prashanthinagar, Vasanthapura Main Road, 10th Cross, Isro Layout, Bangalore-560 061.
,560061",830367,,Senior Secondary,080 26665374
29,,BALAJI NATIONAL PUBLIC SCHOOL,"VENKATAIAHNAPALYA,BYCH APUR POST.OPP TO SERICULTURE QUARTERS, THAGGIKUPPE POST ,562120",830788,,Secondary School,8027100346
30,,Bangalore Scottish School,"24-39, Shreyas Colony, J P Nagar 7th Phase, Kothanoor ,560078",830354,,Secondary School,080 26850823
31,,BEML PUBLIC SCHOOL,"SHISHYA BEML TOWNSHIP NEW THIPPASANDRA BANGALORE KARNATAKA
,560075",830071,,Senior Secondary,080 25247242
32,,BGS INTERNATIONAL RESIDENTIAL SCHOOL,"NITHYANANDA NAGARA BRANCH K GOLLAHALLI POST BANGALORE SOUTH KARNATAKA ,560060",830058,,Secondary School,080 28437582
33,,BGS National Public School,"Ramalingeshwara Cave Temple, Hulimavu, Bannerghatta Road, Distt Bangalore, Karnataka ,560076",830209,,Senior Secondary,080 26484933
34,,BGS Public School,"#67 Uttharahalli Road BGS Health
& Education City Kengeri ,560060",830254,,Secondary School,080 28611916
35,,Bhavan-Bangalore Press School,"No. 89, Mysore Road, Chamarajpet
,560018",830590,,Senior Secondary,080 26705069
36,,BRILLIANT NATIONAL SCHOOL,"#129/1, BAIYAPPANAHALLI MAIN ROAD, BEHIND NARAYANA MATTA, BIDARAHALLI HOBALI, BANGALORE -49 ,560049",830612,,Secondary School,"080
9845019858"
37,,CAMBRIDGE CBSE ACADEMY,"18/1,18/2,SHIVANAHALLI,OPP.S URABHI LAYOUT,YELAHANKA, BANGALORE. ,560064",830746,,Secondary School,"08028460147
28463235"
38,,Candour 5 Education Academy,"No.57Pattanagere Main Road, R V Post, Near R V Engineering College, Mysore Raod, Bangalore - 560 059. ,560059",830813,,Secondary School,8028604499
39,,CAPITAL PUBLIC SCHOOL(B.NARAYANAPURA EXTENTION),"#140/3,B.NARAYANAPURA EXTENTION, DOORAVANI NAGAR POST, BANGALORE
,560016",830700,,Secondary School,"01634
08032957232"
40,,CAPITOL PUBLIC SCHOOL( J P NAGAR),"NO 1, 9TH CROSS, RBI LAYOUT, PHASE VII, J P NAGAR, BANGALORE, KARNATAKA. ,560078",830201,,Secondary School,080 26851095
41,,CAPSTONE HIGH,"# 164, NH-4 Kolar Highway, Opp. MVJ Medical College, Hosakote,
,562114",830670,,Secondary School,"080
9686679948"
42,,Chinmaya Vidyalaya Banashankari,"CA 1 6th phase, 9th Block, Banashankari, Bengaluru-560060
,560060",830808,,Secondary School,8022728604
43,,CHITRAKOOTA SCHOOL,"#37/6, NAGADEVANAHALLI, KENGERI HOBLI, BANGALORE
,560056",830553,,Senior Secondary,080 28484660
44,,CHRIST ACADEMY (CBSE) SCHOOL,"HULLAHALLI, BEGUR - KOPPA ROAD, SAKKALWARA POST
,560083",830676,,Secondary School,91 9972222400
45,,CHRYSALIS HIGH,"#125, KUMBENA AGRAHARA, BEHIND HP PETROL PUMP, WHITEFIELD KADUGODI ROAD, BANGALORE - 560067
,560067",830665,,Secondary School,91 9535233050
46,,Chrysalis High,"15/1B, A Sector, LBS Nagar, Yelahanka New Town ,560064",830640,,Secondary School,080 40964204
47,,cmr national public school,"2079 2nd main road banaswadi layout bangalore karnataka ,560084",830051,,Secondary School,080 25440693
48,,CREAA ACADEMY FOR LEARNING,"K K Towers, Sy. No. 34/3, Site No. 4, Channasandra, Uttarahalli- Kengeri Main Road, Subramanyapura Post ,560061",830755,,Secondary School,080 28612275
49,,Dayananda Aryavidya Public School,"Sy. 58 & 67 Kanthaianapalya, Pipe Line Road, Kaggalipura, Uttarahalli Hobli, Off kanakapura Road, Bangalore South Taluk, Bangalore. 560062 ,560061",830217,,Secondary School,080 26666701
50,,Deeksha High School,"Sahasradeepika Road, Off Bannerghatta Road ,560083",830595,,Secondary School,080 27837111
51,,Delhi Public School (Sulikunte VillageBangalore East),"43/1B & 45, Sulikunte Village, Dommasandra Post, Sarjapur Road, Bangalore, Karnataka ,562125",830284,,Secondary School,080 65701661
52,,DELHI PUBLIC SCHOOL( SATANUR VILLAGE),"35/1A SATANUR VILLAGE JALAHOBLI BANGALORE NORTH TALUK BANGALORE KARNATAKA ,562149",830092,,Secondary School,080 29724861
53,,DELHI PUBLIC SCHOOL(KONNANAKUNTE ),"11 KM KANKA PURA ROAD BIKASPURA ROAD KONNANAKUNTE BANGALORE KARNATAKA
,560062",830087,,Senior Secondary,080 26668582
54,,"DELHI PUBLIC SCHOOL,(ELECTRONIC CITY)","SY NO. 33, ,560068",830652,,Senior Secondary,"080
9632190257"
55,,"DELHI PUBLIC
SCHOOL,(Mallasandra Village,Hoskote)","Survey No 123/124,Mallasandra Village,Hoskote taluk,Bangalore- 560 067 ,560067",830584,,Senior Secondary,91 7847082697
56,,Deva matha central school (vidyaranyapura),"defence layout, vidyaranyapura, bangale - 97 ,560097",830282,,Secondary School,080 23643752
57,,DEVA MATHA CENTRAL SCHOOL(H R B R BANASWADI),"H R B R BANASWADI BANGALORE KARNATAKA
,560043",830076,,Secondary School,080 25458180
58,,Dev-In National School,"Sy No. 3/1, Kodigehalli Main Road, Sahakaranagar (Kothihosahalli Village), Bangalore 560092
,560092",830520,,Secondary School,080 65651001
59,,DIANA PUBLIC SCHOOL,"No. 68, Chokkanahalli, Hegde Nagar Main Road, Jakkur Post, Yelahanka Hobli, Bangalore - 560064. ,560064",830286,,Secondary School,"0471
08028444469"
60,,DIYA ACADEMY OF LEARNING,"70/1 & 71, KODIGEHALLI MAIN ROAD, K.R.PURAM, BANGALORE -36 ,560036",830420,,Secondary School,080 65656782
61,,Edify School Bengaluru,"226/227, Somanahalli, Kanakapura Main Road ,560082",830500,,Senior Secondary,0 7022895987
62,,EKYA SCHOOL,"ITPL No. 2851, Friends Layout, ITPL Bypass Road, Doddanekkundi Extension ,560037",830514,,Secondary School,080 65971312
63,,Euro School (Whitefield),"36/183,behind KPS yard,Hoodi, Mahadevpura Post ,560048",830621,,Secondary School,080 65690967
64,,"Euro School(Chimney Hills, Hessarghatta Main Road)","#15, Chimney Hills, Hessarghatta Main Road ,560090",830561,,Secondary School,080 65000604
65,,Euro School(Sathanur Village Bangalore North),"Bangalore North Campus No.12,13
&14, Balaji Nagar, Sathanur Village, Bagalur Post ,562149",830623,,Secondary School,0 7829163111
66,,Florence Academy,"Huskur Main Road,Electronic City Post, Anekal Taluk, Bangalore 560100. ,560100",830628,,Senior Secondary,080 27848203
67,,Frank Public School,"CA No. 10, 17th Cross, 33rd Main Road, 6th Phase J.P.Nagar, Bangalore-560078 ,560078",830331,,Secondary School,080 41752226
68,,FREEDOM INTERNATIONAL SCHOOL,"CA - 33, SECTOR IV, KSR LAYOUT BANGALORE ,560102",830183,,Senior Secondary,080 25729825
69,,Gangothri International Public School,"Gangothri Campus, Venkateshwara Farm, Rajivgandhi Nagar, Vishwaneedam Post, Near Sunkadakatte, Magadi main road, Bangalore-560091 ,560091",830319,,Secondary School,080 23584897
70,,GEAR INNOVATIVE INTERNATIONAL SCHOOL,"175 DODDA KENNELLI OFF SARJAPUR ROAD & OUTER RING ROAD, DISTT BANGALORE KARNATAKA
,560035",830102,,Secondary School,080 25741993
71,,Geetanjali Olympiad School,"Sy # 77/7, Panathur Villaga Road, Kadabisanahalli, Varthur Hobli, Bangalore,karnataka-560103
,560103",830576,,Secondary School,080 65605559
72,,GEETANJALI VIDYALAYA,"SY NO 14/3 NEAR NARAYAN GURU MATT KAGGADASAPURA C V RAMAN NAGAR BANGALORE KARNATAKA ,560093",830160,,Senior Secondary,080 25272357
73,,Giridhanva School,"No: 22 giridhara 3rd cross near shani mahatma temple Devasandra K.R.Puram Bangalore 560036
,560036",830740,,Secondary School,080 25611575
74,,GLENTREE ACADEMY - WHITEFIELD,"NALLURAHALLI, WHITEFIELD, BANGALORE EAST, BANGALORE, KARNATAKA- 560 066 ,560066",830349,,Secondary School,080 65350066
75,,GLOBAL ACADEMY FOR LEARNING SCHOOL,"KANNADA KIRIYA PRATHAMIKA SHALE,No.40,SRI CHOWDESHWARI FARM,NEAR GLOBAL VILLEGE & RV ENGINEERING COLLEGE,PATTANAGERE MAIN ROAD, RAJARAJESHWARI NAGAR,
,560059",830634,,Secondary School,"080
9035222508"
76,,GLOBAL CITY INTERNATIONAL SCHOOL,"#135, 5th Main, 6th Cross, Mallesh Palya, New Thippasandra Post, Near C.V. Raman Nagar, principal@gcis.edu.in,president@gc is.edu.in ,560075",830515,,Senior Secondary,080 25349188
77,,Global Indian International School,"Heggondanahalli Village, Whitefield Sarjapur Main Road, Near Dommasandra Circle ,560087",830763,,Secondary School,080 30406301
78,,GR INTERNATIONAL SCHOOL,"BM KAVAL, NEAR AGARA VILLAGE, TATAGUNI POST , OFF KANAKAPURA MAIN ROAD, BANGALORE 560 062.
,560062",830597,,Secondary School,080 28427442
79,,GREEN BELL HIGH,"# 134/5, Opp. Medmaranahalli Dam, Badesab Doddi Road, Harohalli Hobli, Kanakapura Tq. , Ramanagara Dist. ,562112",830616,,Secondary School,080 - 65973295
80,,Green Valley English School,"Chunchagatta Main Road, Konanakunte ,560062",830618,,Secondary School,080 26320293
81,,GURU DARSHAN PUBLIC SCHOOL,"# 23, Gottigere, Bannerghatta Main Road, Bangalore. ,560078",830233,,Secondary School,080 64566648
82,,HMR International School,"# 41/1, 9th Main Road, 11th Cross, Hennur, Maruthi Layout, (H.B.R) Layout), Bangalore-560 043.
Kalyan Nagar Post ,560043",830463,,Secondary School,080 25435599
83,,HAL PUBLIC SCHOOL,"SURANJANDASS ROAD OPP HAL STAFF COLLEGE VIMANA PURA BANGALORE KARNATAKA ,560017",830078,,Senior Secondary,080 25220762
84,,Harsha International Public School,"Byraveshwaranagar, Nelamangla, Bangalore District. ,562123",830591,,Secondary School,080 28023500
85,,Harvest International School,"Survey No. 56/1B, Kodathi Village, Carmelram Post, Near Kodathi Silk Farm, Off Sarjapur Road, Bangalore East- 560035 ,560035",830434,,Secondary School,080 30268303
86,,HARWARD INTERNATIONAL SCHOOL,"DASANAPURA, TUMKURROAD, BANGALORE NORTH, BANGALORE ,562123",830335,,Senior Secondary,080 29723540
87,,HILL ROCK NATIONAL PUBLIC SCHOOL,"Sy.No. 101, Brahmadevara Gutte, Kodigehalli, 6th Block Vishveshwaraiah Layout, Nagarbhavi, Magadi Road, Bangalore - 560 091 ,560091",830677,,Secondary School,080 60509595
88,,Holy Cross School,"Abhayadhama Campus, Whitefield, Bangalore. ,560066",830295,,Senior Secondary,080 28454604
89,,ITI CENTRAL SCHOOL,"VIDYA MANDIR CAMPUS DOORAVANI NAGAR ITI TOWNSHIP A - AREA BANGALORE KARNATAKA
,560016",830075,,Secondary School,080 25662028
90,,Indian Public School,"1st A Main Road, Vijnanagar, Bangalore - 560 037 ,560037",830200,,Secondary School,080 41605431
91,,INDO SUNRISE INTERNATIONAL SCHOOL,"ISR Cross, Kattigenahalli Post, Jagisgenalhall Hobli, Hoskote to Malur Road, Hoskote taluk ,562114",830828,,Secondary School,7022901675
92,,JET SCHOOL,"HOMPLAGATTA CROSSING HOSUR MAIN ROAD, ANEKAL BANGALORE DISTT KARNATAKA ,560062",830134,,Secondary School,"08110
26323953"
93,,JSS PUBLIC SCHOOL,"NO:31 15TH MAIN 22ND CROSS BANASHANKARI 2ND STAGE BANGALORE KARNATAKA
,560070",830054,,Secondary School,080 22970131
94,,JAI TULSI VIDYA VIHAR,"Hosapalya, 22Km, Opp Pepsi, Mysore Road, Bangalore-74
,560074",830400,,Secondary School,080 28437061
95,,Jaigopal Garodia Rashtrotthana Vidya Kendra,"Main Road, Ramamurty Nagar
,560016",830369,,Secondary School,080 25665133
96,,Jaihind International School,"Jaihind International School, No 91
M.R Tower, Hongasandra, Begur Main Road. ,560068",830804,,Secondary School,8041208904
97,,JAIN HERITAGE SCHOOL,"18/4, ANJANEYA TEMPLE STREET, KEMPAPURA, HEBBAL ,560024",830424,,Senior Secondary,080 23626122
98,,JAIN INTERNATIONAL RESIDENTIAL SCHOOL,"JAKKASANDRA PO KANAKAPURA RAOD BANGALORE KARNATAKA
,562112",830070,,Senior Secondary,080 27577013
99,,Jain Public School,"Jakkasandra Post, Kanakapura Taluk,Bangalore ,562112",830190,,Secondary School,080 27577224
100,,JAWAHAR NAVODAYA VIDYALAYA(BAGALUR BANGALORE URBAN DISTT),"BAGALUR BANGALORE URBAN DISTT. KARNATAKA
,562149",840020,,Secondary School,080 28469055
101,,JAWAHAR NAVODAYA VIDYALAYA(BASHETTIHALLI DODDABALLAPUR ),"DODDABALLAPUR BASHETTIHALLI POST BANGALORE RURAL DISTT. KARNATAKA ,561203",840009,,Secondary School,080 27630781
102,,JES PUBLIC SCHOOL,"C. A. - 1, N. G. E. F., LAYOUT ( NURPATHUNGA NAGAR, NAGARABHAVI 1ST STAGE, BANGALORE - 72 ,560072",830841,,Secondary School,"4637
8023213135"
103,,Jnana Sweekar Public School,"Sy. 19/1 & 19/2, Thalagatpura Villege, Kanakapura Main Road, Bangalore. ,560062",830247,,Senior Secondary,080 28427472
104,,JNANA VIJNANA VIDYA PEETHA,"NO 13, 11TH MAIN 6TH CROSS R K LAYOUT PADMANABHA NAGAR BANGALORE KARNATAKA ,560070",830137,,Secondary School,0 26391509
105,,Jnana Vikas National Public School,"Sy. No. 21/4B, Bidadi, Ramanagara Taluk, Bangalore Rural dist Pin- 562109. ,562109",830292,,Secondary School,080 27307061
106,,JNANODAYA SCHOOL,"SHRI SHANKARA MATH COMPOUND SHANKARAPURAM BANGALORE KARNATAKA
,560004",830046,,Senior Secondary,080 26500524
107,,JSS PUBLIC SCHOOL(HBR LAYOUT),"HBR LAYOUT NEXT TO NEW BDA COMPLEX BANGALORE KARNATAKA ,560043",830166,,Secondary School,080 25437788
108,,JSS PUBLIC SCHOOL(HSR LAYOUT),"NO 283 5TH CROSS, 12TH MAIN V SECTOR HSR LAYOUT BANGALORE KARNATAKA
,560034",830164,,Secondary School,080 22970133
109,,JUBILEE SCHOOL,"Vijinapura, Doorvaninagar, ,560016",830705,,Secondary School,8025651999
110,,JYOTHY KENDRIYA VIDYALAYA,"YELACHENAHALLI KANAKAPURA ROAD BANGALORE KARNATAKA
,560078",830048,,Senior Secondary,080 26321237
111,,KLE SOCIETYS SCHOOL,"S NIJALINAGAPNA COLLEGE CAMPUS II BLOCK RAJAJI NAGAR, DISTT BANGALORE, KARNATAKA ,560010",830113,,Secondary School,080 23429807
112,,KMV RED HILLS HIGH SCHOOL,"#57, CHIMNEY HILLS, PIPELINE ROAD, CHIKKABANAVARA, BANGALORE ,560090",830461,,Secondary School,080 65470080
113,,Kairalee Nilayam Central School,"Kairalee Nilayam Campus, Vimanapura, Bangalore-560017.
,560017",830358,,Secondary School,080 25234313
114,,Karnataka Public School,"Chokkanahalli,Jakkur Post, Yelahanka Hobli, Bangalore
,560064",830223,,Secondary School,080 32972780
115,,Katherine Public School,"Vidya Nagar Post Bangalore North Karnataka. ,562157",830548,,Senior Secondary,"080
09632573735"
116,,KENDRIYA VIDYALAYA NO.1(JALAHALLI WEST),"AFS JALAHALLI WEST BANGALORE KARNATAKA
,560015",800004,,Senior Secondary,080 28389852
117,,kendriya vidyalaya no.2(jalahalli east),"a.f.s. jalahalli east bangalore karnataka ,560014",800016,,Senior Secondary,080 28389700
118,,KENDRIYA VIDYALAYA(A.S.C.CENTRE SOUTH VICTORIA ROAD),"A.S.C.CENTRE SOUTH VICTORIA ROAD BANGALORE KARNATAKA ,560047",800001,,Secondary School,080 25300408
119,,KENDRIYA VIDYALAYA(C V RAMAN NAGAR),"C V RAMAN NAGAR D.R.D.O COMPLEX C V RAMAN NAGAR
, BANGALORE KARNATAKA
,560093",800023,,Secondary School,080 25243919
120,,KENDRIYA VIDYALAYA(CRPF YELAHANKA),"CRPF YELAHANKA BANGLORE KARNATAKA ,560064",800028,,Secondary School,080 28567151
121,,kendriya vidyalaya(K R Puram),"k.r. puram, diesel loco school, k.r. puram, banagale, karnataka ,560036",800040,,Secondary School,080 25616000
122,,"KENDRIYA VIDYALAYA(M E G
& CENTRE ST. JOHNS ROAD)","M E G & CENTRE ST. JOHNS ROAD BANGALORE KARNATAKA ,560042",800002,,Senior Secondary,080 25365053
123,,KENDRIYA VIDYALAYA(M G RLY COLONY),"M G RLY COLONY BANGALORE KARNATAKA
,560023",800024,,Secondary School,080 23157282
124,,KENDRIYA VIDYALAYA(MALLESWARAM),"18TH CROSS MARGOS ROAD MALLESWARAM BANGALORE KARNATAKA ,560055",800005,,Secondary School,080 23341454
125,,KENDRIYA VIDYALAYA(NAL CAMPUS VIMANPURA),"NAL CAMPUS VIMANPURA POST BANGALORE KARNATAKA ,560017",800015,,Secondary School,080 25275473
126,,KENDRIYA VIDYALAYA(RAIL WHEEL FACTORY YELAHANKA),"RAIL WHEEL FACTORY YELAHANKA BANGALORE KARNATAKA ,560106",800018,,Secondary School,080 28460979
127,,KENDRIYA VIDYALAYA(SADHASHIV NAGAR ),"SADHASHIV NAGAR POST HEBBAL BANGALORE KARNATAKA ,560080",800003,,Secondary School,080 23602491
128,,KENDRIYA VIDYALAYA(YELAHANKA),"A F STATION YELAHANKA BANGALORE KARNATAKA
,560063",800013,,Senior Secondary,080 28478744
129,,KENDRIYA VIDYALAYA(YESHWANTHPUR),"INDIAN INSTITUTE OF SCIENCE YESHWANTHPUR BANGALORE KARNATAKA
,560012",800012,,Senior Secondary,080 23371316
130,,KENSURI SCHOOL,"1348/444A MARIYA STREET NEST TO JAMES MARIYONNA PALYA BANGALORE KARNATAKA ,560024",830089,,Senior Secondary,080 22026000
131,,KLE SOCIETY'S SCHOOL,"2 nd Stage, 3 rd Block, Near BDA Complex, Nagarbhavi, ,560072",830268,,Senior Secondary,080 23188899
132,,KNE Public School,"C A Site 6, Jeevan Bhimanagar, Bangalore-560075. ,560075",830202,,Secondary School,"080 080-
25262783"
133,,KSVK International School,"Anugondanahalli, Hosakote Taluk, Bangalore Rural District. ,560067",830671,,Secondary School,91 7337750338
134,,LAKE MONTFORT SCHOOL,"K S HALLI VIRGONAGAR POST BANGALORE KARNATAKA
,560049",830127,,Senior Secondary,"080
9902627483"
135,,LAKEVIEW PUBLIC SCHOOL,"DODDAKANNELLI, CARMELARAM, SARJAPUR MAIN ROAD, CHIKKANAYAKANAHALLI, BANGALORE. ,560035",830638,,Secondary School,080 29759886
136,,MEC PUBLIC SCHOOL,"C.A SITE NO. 12 9TH A SECTOR
,YELAHANKA NEW TOWN BANGALORE-560064 ,560064",830341,,Senior Secondary,080 43432144
137,,MES ENGLISH SCHOOL,"#177, KAMAKSHIPALYA, II STAGE, BASAVESHWARA NAGAR, BANGALORE-79
,560079",830353,,Secondary School,080 23283128
138,,MSV Public School,"Nelamanagala Road Doddaballapur
,561203",830343,,Secondary School,080 27628797
139,,MVJ International School,"NEAR CHOWEDSHWARI TEMPLE STREET MARATHAHALLI, BANGALORE 560037 ,560037",830392,,Secondary School,080 25400297
140,,MAHAN ANJANADRI VIDYA KENDRA,"Tavarekere,magadi road,bangalore
,562130",830666,,Secondary School,080 28474669
141,,Maharishi Centre For Excellence,"Maharishi Centre For Excellence, 29th KM, Bangalore-Mysore Highway, Bheemanahalli, Bidadi, Bangalore-562109 ,562109",830321,,Secondary School,"080
9686422277"
142,,Mahesh Memorial Kendriyala Vidyashala,"631 to 633/33, Doddabommasandra, Vidyaranyapura Post, Bangalore- 560097 ,560097",830468,,Senior Secondary,080 23455522
143,,Mahila Seva Samaja,"No.80, K.R.Road, Distt Bangalore, Karnataka ,560004",830198,,Secondary School,080 42088859
144,,MAITRY VIDYA NIKETAN,"NRI LAYOUT KALKERE MAIN ROAD RAMAMURTHY NAGAR BANGALORE KARNATAKA
,560016",830156,,Senior Secondary,080 25652342
145,,Manasa Gangothri Vidyalaya Kannada Nursery And Higher Primary School,"Hulikal, Kudur Hobli, Magadi Taluk, Bangalore Rural Dist.
,561101",830339,,Secondary School,080-23407682
146,,"MARK GLOBAL SCHOOL,","MARK HILLS PB NO. 8320, BANNERGHATTS (PO), ANEKAL, BANGALORE,
Karnataka ,560083",830172,,Secondary School,0816 2243678
147,,Martin luther public school,"no.208, 15th main road, nagendra block, girinagar, banashankari 3rd stage, bangale - 560050. ,560050",830308,,Secondary School,080 26729030
148,,MARUTHI VIDYA MANDIR,"ALUR DUDDHANAHALLI
,562110",830796,,Secondary School,8884103535
149,,MARUTHI VIDYALAYA,"Survey No.17/2, Kada Agrahara, Biddarahalli Hobli, Bangalore- 560 077 ,560043",830816,,Secondary School,080-25603721
150,,milind public school,"spothidhama anjananagar magadi main road vishwaneedam, Bangalore ,560091",830119,,Secondary School,080 23287943
151,,MIRAMBIKA SCHOOL FOR NEW AGE,"9TH CROSS 30 MAIN SRI AURBINDO MARG 9TH CROSS RD J P NAGAR I PHASE BANGLORE KARNATAKA
,560078",830062,,Secondary School,080 26640562
152,,Mother Teresa School,"MES Ring Road, Jalahalli, Bangalore. ,560013",830278,,Senior Secondary,080 23458727
153,,Mount Litera Zee School,"#58/4, Harlur Road, H.S.R Extension, Kudlu, Bangalore- 560068 ,560068",830568,,Secondary School,080 65468341
154,,MOUNT LITERA ZEE SCHOOL,"#9, I MAIN ROAD, VIDYARANYAPURA, RAMANNA GARDEN, BANGALORE-97 ,560097",830701,,Secondary School,8065666676
155,,MTB JNANA JYOTHI VIDYANIKETHAN,"NO 707,MAHESHWARI TEMPLE ROAD, MAHESHWARINAGAR,MAHAD EVAPURA POST ,560048",830418,,Secondary School,080 28510947
156,,NAGARJUNA VIDYANIKETAN,"104/105, IVRI ROAD, BEHIND CRPF CAMPUS, YELAHANKA, BANGALORE NORTH, SECTOR 4 BANGALORE 560064 ,560064",830064,,Secondary School,080 65372602
157,,NARAYANA E-TECHNO SCHOOL(AYYAPPA NAGAR),"HOODI MAIN ROAD, AYYAPPA NAGAR, K.R.PURAM, BANGALORE-36 ,560036",830716,,Secondary School,8722807000
158,,Narayana E-Techno School(BELENDUR),"BELENDUR, BANGALORE
,560043",830833,,Secondary School,8722126999
159,,"NARAYANA E-TECHNO
SCHOOL(C.V.Raman Nagar)","KAGgadasapura Main Road, Near C.V.Raman Nagar, Bangalore
,560093",830575,,Secondary School,080 65476133
160,,Narayana E-techno school(cholanayakanahalli),"vishweshwaraiah layout, cholanayakanahalli, r.t.nagar, bangale ,560032",830510,,Secondary School,080 42287328
161,,Narayana E-Techno School(Doddabettahalli),"Doddabettahalli, Yelahanka, Bangalore ,560064",830831,,Secondary School,9243607900
162,,NARAYANA E-TECHNO SCHOOL(GARVEBHAVI PALLYA),"GARVEBHAVI PALLYA, HOSUR ROAD, BANGALORE-68 ,560068",830730,,Secondary School,8041550829
163,,NARAYANA E-TECHNO SCHOOL(GREEN GLEN LAYOUT),"GREEN GLEN LAYOUT, BANGALORE, KARNATAKA- 560103 ,560103",830470,,Secondary School,080-65470820
164,,Narayana E-Techno School(KALYANA NAGARA),"CHELEKERE EXT., KALYANA NAGARA, BANGALORE-43
,560043",830686,,Secondary School,91 9243681052
165,,"NARAYANA E-TECHNO
SCHOOL(Koramangala)","Sy. No. 182, Audugodi Rd., 8th Block, Koramangala, Bangalore
,560030",830610,,Secondary School,91 9243603256
166,,Narayana E-techno school(kundalahalli gate),"kundalahalli gate, tubarahalli, behind sri rama samriddhi apartment, bangale-560066 ,560066",830509,,Secondary School,080 28476662
167,,"NARAYANA E-TECHNO
SCHOOL(Malathahalli Village)","Sy. No. 58/1 & 58/2, Near Vinayaka Temple, Malathahalli Village, Bangalore-560056 ,560056",830573,,Secondary School,080 65555633
168,,"narayana e-techno school(mandur village, virgo nagar)","mandur village, virgo nagar post, bangale ,560049",830508,,Secondary School,080 28470684
169,,NARAYANA E-TECHNO SCHOOL(NANDHINI LAYOUT),"NANDHINI LAYOUT, BANGALORE ,560096",830883,,Secondary School,9243681061
170,,"NARAYANA E-TECHNO
SCHOOL(Rammurthynagar)","A.N.R complex, Rammurthynagar, Bangalore-43 ,560016",830552,,Secondary School,080 65354525
171,,"NARAYANA E-TECHNO
SCHOOL(Vidyaranyapura)","Sy. No. 58, Katha No. 114, Venkataswamappa Layout, Vidyaranyapura, Bangalore North, Bangalore-560097 ,560097",830600,,Senior Secondary,91 7022293944
172,,"NARAYANA E-TECHNO
SCHOOL(Yelachenahalli)","Sy. No.20/5, Appanna Reddy Building, Post Office Rd., Yelachenahalli, Bangalore. ,560078",830574,,Secondary School,080 26861122
173,,NARAYANA OLYMPIAD SCHOOL( H.S.R. LAYOUT),"HARLUR MAIN ROAD, H.S.R. LAYOUT, BANGALORE ,560102",830683,,Secondary School,91 9243600627
174,,NARAYANA OLYMPIAD SCHOOL(B.CHENNASANDRA),"B.CHENNASANDRA, KASTURI NAGAR, BANGALORE-43
,560043",830723,,Secondary School,8042055921
175,,Narayana Olympiad School(GORIVEGERE VILLAGE),"GORIVEGERE VILLAGE, BIDARHALLI HOBLI, BANGALORE-49 ,560049",830762,,Secondary School,"08042111548
9902238996"
176,,NARAYANA OLYMPIAD SCHOOL(KODIGEHALLI),"AMCO LAYOUT, RAJIVGANDHI NAGAR, KODIGEHALLI, SAHAKARANAGAR POST, BANGALORE-92 ,560092",830713,,Secondary School,9243600622
177,,NATIONAL ACADEMY FOR LEARNING,"III CROSS III STAGE III BLOCK BASWESHWAR NAGAR BANGALORE KARNATAKA
,560079",830060,,Senior Secondary,080 23239281
178,,NATIONAL CENTRE FOR EXCELLENCE,"#154/1, VICTORIAN ENCLAVE,5TH MAIN,MALLESHPALYA,NEW TIPPASANDRA POST,BANGALORE-560075
,560075",830194,,Secondary School,080 25344939
179,,National Hill View Public School(BSK 3rd Stage),"Sy.No.153,Near Nice Link Road Junction,BSK 3rd Stage  ,560085",830722,,Secondary School,080 65703991
180,,NATIONAL HILL VIEW PUBLIC SCHOOL(RAJARAJESHWARI NAGAR),"IDEAL HOME TOWNSHIP RAJARAJESHWARI NAGAR BANGALORE, KARNATAKA
,560098",830080,,Secondary School,080 65580067
181,,National Public School(Basavanapura),"47/1, Basavanapura, Gottigere P.O.,Bannerghatta Road ,560083",830567,,Secondary School,080 40250582
182,,National Public School(Chikkabanavara),"R.R.Layout, Near R.R. Institute of technology, Near Railway Station , Chikkabanavara ,560090",830608,,Secondary School,080 28391155
183,,NATIONAL PUBLIC SCHOOL(HSR LAYOUT),"P 32, IV SECTOR, HSR LAYOUT
,560012",830259,,Secondary School,080 25729406
184,,NATIONAL PUBLIC SCHOOL(INDIRA NAGAR),"12-A MAIN ROAD H A L II- STAGE INDIRA NAGAR BANGALORE KARNATAKA
,560008",830007,,Senior Secondary,080 25280611
185,,NATIONAL PUBLIC SCHOOL(JAYANAGAR),"NO.1, IV BLOCK EAST, JAYANAGAR ,560011",830822,,Secondary School,"08284 080-
26633167"
186,,National Public School(Kengeri Satellite Town),"No. 8 C Kengeri Hobli, Hoysala Circle, Near Police Quarters, Kengeri Satellite Town, Bangalore - 560060 ,560060",830566,,Secondary School,080 28488856
187,,NATIONAL PUBLIC SCHOOL(KORAMANGLA),"NATIONAL GAMES VILLAGE COMPLEX 80 FT ROAD KORAMANGLA BANGALORE KARNATAKA ,560047",830095,,Secondary School,080 25705171
188,,NATIONAL PUBLIC SCHOOL(MES ROAD BANDAPPAGARDEN),"#25, 1ST MAIN ROAD, MES ROAD, BANDAPPAGARDEN,BANGALO RE ,560054",830249,,Senior Secondary,080 23374802
189,,NATIONAL PUBLIC SCHOOL(RAJAJI NAGAR),"1036-A PURANDHARAPURA
5TH BLOCK RAJAJI NAGAR BANGALORE KARNATAKA
,560010",830001,,Senior Secondary,080 23350361
190,,National Public School(Uttarahalli),"Syno-81, Uttarahalli Hobli,  south taluk Bangalore-560061. ,560061",830522,,Secondary School,080 28611799
191,,"National Public School,(Yelahanka)","22/B-1, Sector B, Yelahanka New Town Bangalore 560 064 ,560064",830513,,Senior Secondary,080 28462222
192,,"National Public School,(Yeshwanthpur)","#9/1, Pipeline Road, Raghavendra Layout, (Behind RNS Motors), Yeshwanthpur ,560022",830531,,Senior Secondary,080 23571220
193,,NAVAPRAJNA PUBLIC SCHOOL,"NAVAJEEVANA NILAYA COMPLEX, MARATHAHALLI
,560037",830431,,Secondary School,080 28524406
194,,NAVKIS EDUCATION CENTRE,"GOKULA, DISTT BANGALORE KARNATAKA ,560054",830084,,Senior Secondary,080 23456663
195,,NAVODAYA KISHORE KENDRA,"SRI VARADARAJA SWAMI LAYOUT, SINGAPURA VIDYARANYAPURA ROAD, BANGALORE ,560056",830204,,Secondary School,080 23254455
196,,NEHRU SMARKA VIDYALAYA,"244/C 7TH BLOCK JAYANAGAR BANGALORE KARNATAKA
,560082",830159,,Secondary School,080 22444411
197,,NEW BALDWIN INTERNATIONAL RESIDENTIAL SCHOOL,"sy no 128/P14, Budigere Cross Road, Mandur, Virgonagar (Post)
,560049",830615,,Secondary School,8025559145
198,,NEW BALDWIN INTERNATIONAL SCHOOL,"NEW BALDWIN INTERNATIONAL SCHOOL
,#15/1 &15/2,HOSUR MAIN ROAD, HOMPHALAGHATTA CROSS, GUDDANAHALLI POST,ANEKAL ,562106",830758,,Secondary School,8027841652
199,,New Cambridge International Public School,"CA Site 6(P), West of Chord Road II Stage, Mahalakshmipuram
,560086",830625,,Senior Secondary,080 23493096
200,,NEW HORIZON GURUKUL ENGLISH MEDIUM SCHOOL,"PANNATHUR MAIN ROAD NEAR MARATHAHALLI OUTER RING ROAD ,560087",830395,,Secondary School,080 25639720
201,,NEW OXFORD SCHOOL,"DODDA THIMMASANDRA, SARJAPURA (P)ANEKAL TALUK ,562125",830703,,Secondary School,"080
8904342406"
202,,New Pratham Public School,"No. 3, 2nd Cross, 2nd Main,Pai Layout, K R Puram, Bangalore- 560016 ,560016",830770,,Secondary School,080 40954645
203,,NIRMAN INTERNATIONAL PUBLIC SCHOOL,"89,90,95,96 Near Automated RTO, Upkar Layout,7th Block,Vishweshwaraiah Layout, Bangalore - 560091 ,560091",830540,,Secondary School,080 23289883
204,,Nitte International School,"NO. 12, MYLAPPANANHALLI VILLAGE, SHIVAKOTE POST, HESARGHATTA HOBLI BANGALORE ,560089",830332,,Secondary School,"080
8088938518"
205,,North Hills International School,"Survey No. 64/2, Dasarahalli, Bangalore -560024 ,560024",830844,,Secondary School,8022331984
206,,OAKRIDGE INTERNATIONAL SCHOOL,"SURVEY NO 40,THIGALACHOWDENAHELY VILLAGE,SARJAPURA HOBLI,ANEKAL TALUK,BENGALURU-562 125,
KARNATAKA STATE ,562125",830563,,Secondary School,080 49590900
207,,ORCHIDS THE INTERNATIONAL SCHOOL(AMBALIPURA),"SURVEY # 19, AMBALIPURA, SARJAPURA MAIN ROAD BANGALORE-560102 ,560010",830782,,Secondary School,080 64000464
208,,ORCHIDS THE INTERNATIONAL SCHOOL(BILEKAHALLI),"3rd MAIN, 6th CROSS, N S PALYA MAIN ROAD NEAR CAFE COFFEE DAY, BILEKAHALLI, ,560076",830679,,Secondary School,080 50002094
209,,"ORCHIDS THE INTERNATIONAL SCHOOL(HMT COLONY, JALAHALLI)","BEHIND PF QUARTERS, NEAR HMT THEATRE, SECTOR-2, HMT COLONY, JALAHALLI, BANGALORE-13 ,560013",830669,,Senior Secondary,080 23456512
210,,Orchids The International School (Mysore Road),"No.76/6, Opp.R.V.Engineering College, Mysore Road, Kengeri, Bangalore-560 059 ,560059",830678,,Secondary School,080 65604041
211,,ORHCIDS THE INTERNATIONAL SCHOOL(SRI GADADAKAVAL),"SRI GADADAKAVAL BANGALORE 560072 ,560072",830694,,Secondary School,"080
8904442020"
212,,OXFORD SECONDARY SCHOOL,"OXFORD SCHOOL CAMPUS
,560096",830784,,Secondary School,080 23591067
213,,PAVITHRA HIGH SCHOOL,"HMR NAGAR MEDARAHALLI CHIKKABANAVARA POST BANGALORE KARNATAKA
,560090",830142,,Secondary School,0 9900334692
214,,Podar International School,"Survey No. 85,Kodigehalli Magadi Main Road,Yeshwnathpura Hobli,Bangalore-91 ,560091",830842,,Secondary School,080-65666808
215,,Police Modern School,"ksrp campus, koramangala, bangalore, karnataka-560034
,560034",880013,,Secondary School,080 25506765
216,,POORNA SMRITHI PUBLIC SCHOOL,"R L BANDE ROAD BEHIND HOUSING BOARD SHARUNPUR BANGALORE KARNATAKA
,560032",830162,,Secondary School,080 23540854
217,,Pragathi ..... The School,"No. 562/11, Dakshina Bharatha Mahila Samaja Premises, Kadugudi, Bangalore - 560 067. ,560067",830467,,Secondary School,080 64501902
218,,PRARTHANA CENTRAL SCHOOL,"No. 30, Subramanya Pura Main Road, Chikkalasandra, Bangalore - 560 070. ,560070",830340,,Secondary School,080 26790625
219,,"PRESIDENCY SCHOOL(AVALAHALLI, OFF.DODDABALLAPURA ROAD)","POST BOX NO.6455, AVALAHALLI, OFF.DODDABALLAPURA ROAD, SINGANAYAKANAHALLI POST, ,560054",830473,,Secondary School,080 30932101
220,,PRESIDENCY SCHOOL(BILEKAHALLI ),"SY NO 80/2 80/3 82/2 82/3 BELEKALLI OFF BANNER GATTA ROAD BANGALORE KARNATAKA ,560076",830157,,Senior Secondary,080 26485648
221,,Presidency School(kasturinagar),"c.a. no. 7p1 a 3rd cross, ngef (east) layout, kasturinagar, bangale
,560043",830294,,Secondary School,080 25425597
222,,PRISTINE PUBLIC SCHOOL,"NO 3 H COLONY IST STAGE INDIRA NAGAR BANGALORE KARNTAKA ,560038",830132,,Secondary School,080 25214999
223,,PSBB Learning Leadership Academy,"#52, Sahastra Dipika Road, Lakshimpura, Off Bannerghatta Main Road, Distt Bangalore, Karnataka ,562106",830224,,Senior Secondary,080 27837021
224,,RADCLIFFE SCHOOL,"15th Mile Stone, Gottigere, Bannerghatta Road, BENGALURU
,560083",830588,,Senior Secondary,080 40969219
225,,RASHTRIYA MILITARY SCHOOL,"POST BOX NO.250 RICHMOND TOWN P.O BANGALORE KARNATAKA ,560025",880002,,Senior Secondary,080 25554972
226,,RASHTROTHANA VIDYA KENDRA(THANISANDRA MAIN ROAD),"115 THANISANDRA MAIN ROAD ARKAVATHY LAYOUT BANGALORE KARNATAKA
,560045",830161,,Secondary School,080 28465972
227,,Rashtrotthana Vidya Kendra(Banashankari 6th Phase 8th Block),"CA#2, Banashankari 6th Phase 8th Block Banashankari, Bangalore-60
,560060",830483,,Senior Secondary,91 9945582661
228,,"Ravindra Bharathi Global School(II Sector, HSR Layout)","Samasandra Palya, Near Sobha Daffodil, II Sector, HSR Layout, Bengaluru – 560102 ,560102",830518,,Secondary School,080 65313333
229,,ravindra bharathi global school(Marathahalli),"sy-no:92/1,7th cross ,tulasi theater road,marathahalli,bangale-560037
,560037",830507,,Secondary School,080 65593333
230,,rishi sanskruti vidya,"shale gramine shake rishi kshetra doddamaralawadii bangalore rural distt karnataka ,562121",830125,,Secondary School,080 26631909
231,,"RMS INTERNATIONAL SCHOOL(SRINIVASA INDUSTRIAL ESTATE, KANAKAPURA ROAD)","#18, SRINIVASA INDUSTRIAL ESTATE, KANAKAPURA ROAD, BANGALORE -62 ,560062",830372,,Secondary School,080 41250487
232,,"RNS INTERNATIONAL SCHOOL(RNSIT CAMPUS, UTTARAHALLI)","RNSIT CAMPUS, UTTARAHALLI-KENGERI MAIN ROAD, CHANNASANDRA, R.R NAGAR POST, BANGALORE-98
,560098",830684,,Senior Secondary,080 28612003
233,,Royal International Public School,"Sy.No. 1/2, 1/3, Mallapura Villege, Kasaba Hobli, Nelamangala Taluk, Bangalore Rural Dist. ,560011",830466,,Senior Secondary,"080
9945011108"
234,,ROYALE CONCODE INTRNATIONAL CHOOL(HONGASANDRA),"81/1 BEGUR MAIN RD HONGASANDRA ,560068",830805,,Secondary School,080 25742060
235,,ROYALE CONCORDE INTERNATIONAL SCHOOL(HRBR LAYOUT KALYA NAGAR),"6TH MAIN ROAD IIND BLOCK HRBR LAYOUT KALYA NAGAR BANGALORE KARNATAKA
,560043",830135,,Senior Secondary,080 25435454
236,,RPES Jnana Saraswathi Public School,"CA-2, 69th Cross, 5th Block, Rajajinagar, Bangalore - 560010
,560010",830825,,Senior Secondary,"0484 080-
2814855499720
99440"
237,,RYAN INTERNATIONAL SCHOOL,"SURVEY NO: 13, GOLLAHALLI, OPP. CONFIDENT CASCADE
,560083",830689,,Senior Secondary,"080
08027828213"
238,,SG INTERNATIONAL PUBLIC SCHOOL,"8TH MAIN SARASWATHIPURAM MAHALAXMI LAYOUT BANGALORE KARNTAKA
,560086",830144,,Senior Secondary,080 23497428
239,,SJR PUBLIC SCHOOL,"CA SITE NO 3 (P) 5TH CROSS 7TH MAIN ROAD, IST STAGE III BLOCK, BHR LAYOUT BANGLORE KARNATAKA ,43",830123,,Senior Secondary,80 25432147
240,,SV CENTRAL SCHOOL,"VIDYANAGAR, YELAHANKA, NEAR INTERNATIONAL AIRPORT, NH 7, BANGALORE
,562157",830329,,Secondary School,"080
9740006262"
241,,SV Sunrise English Primary School,"No. 93, Hegganahalli Cross, Srigandhada Kaval, Vishwaneedam Post, Peena II Stage, Bangalore.
,560091",830445,,Senior Secondary,080 28365429
242,,SJES CENTRAL SCHOOL,"Old Madras Road, Medahalli, Virgo Nagar Post, Bangalore . ,560049",830258,,Secondary School,080 6565597
243,,S.V.S Educational Academy,"Sarjapura Main Road, Sy No:188/3
& 188/4, Near Dommasandra Circle, Post Dommasandra, Bangalore - 562125. ,562125",830598,,Senior Secondary,"9739
9739474900"
244,,SAANDIPINI HIGH TECH SCHOOL,"# 40 RING ROAD NAGADEVANAHALLI JANANABHARATHI PO BANGALORE KARNATAKA
,560056",830168,,Secondary School,080 28486827
245,,SADHGURU SAINATH INTERNATIONAL SCHOOL,"SY NO. 165, KUDLU VILLAGE, MADIWALA POST, HOSUR ROAD, ,560068",830251,,Secondary School,080 64536855
246,,SAI CITY INTERNATIONAL SCHOOL,"AGASATHIMMANA HALLI INDLAVADI CROSS,JIGANI - ANEKAL ROAD ANEKAL BENGALURU 562106 ,562106",830496,,Secondary School,"080
9243602463"
247,,Saint Sophia Convent School,"C.A. No. 6, 10th Block, 2nd Stage, Nagarabhavi, Bangalore - 560072.
,560072",830655,,Secondary School,080 64554196
248,,SANMARG CENTRAL SCHOOL,"17&18 8th main Srinidhi Layout Kothanur bangalore 560062
,560062",830336,,Secondary School,080 41207974
249,,SCHOOL OF INDIA,"Anekal Road ,560083",830681,,Secondary School,7204051947
250,,SFS ACADEMY,"HEBBAGODI, ELECTRONICS CITY PO., HOSUR MAIN ROAD
,560100",830745,,Secondary School,080 27832288
251,,SHARDA VIDYA MANDIRA,"AYYAPPA SWAMI TEMPLE ROAD, KADUGUDI, BANGALORE, KARNATAKA
,560067",830185,,Secondary School,080 28457461
252,,SHARDA VIDYA NIKETAN PUBLIC SCHOOL,"#14, SHARDA HILLS HESARA GATTA ROAD NEAR M S PALA CIRCLE VIDYA RANYAPURA BANGALORE KARNATAKA
,560094",830165,,Secondary School,080 5771422
253,,Shiksha Sagar High School,"No.77, 5th Main, Postal Colony, Sanjay nagar ,560094",830462,,Secondary School,080 23411467
254,,SHREE RAM PUBLIC SCHOOL,"VH GARDENS VH CHIKKABIDARAKALLU, NAGASANDRA POST, BANGALORE, KARNATAKA
,560073",830184,,Secondary School,080 22791309
255,,SHREE SKANDA CENTRAL SCHOOL,"27, ITTAMADU AREHALLI MAIN ROAD NEAR AGS LAYOUT, DISTT BANGALORE, KARNATAKA ,560061",830244,,Secondary School,080 65469750
256,,"Shri Ram Global School, Whitefield","Sy No. 7 & 8, Samethanahalli
Naganayakanakote, ,560067",830720,,Secondary School,"080
9916769990"
257,,Siddartha Public School,"No.1, Chowdaiah Block, R.T. Nagar, Bangalore - 560 032
,560032",830554,,Senior Secondary,080 23336093
258,,SILICON CITY ACADEMY OF SECONDARY EDUCATION,"KUMAR NURSERY NEW BANK COLONY KONANAKUNTE BANGALORE KARNTAKA
,560062",830133,,Senior Secondary,080 26323953
259,,Silver Spring International School,"No. 39/1, Vinayanagar, Chikkabanavara, Hesarghatta Road, Bangalore. ,560090",830667,,Secondary School,080 65301444
260,,SINDHI HIGH SCHOOL(KEMPAPURA HEBBAL),"KEMPAPURA HEBBAL BANGALORE KARNATAKA
,560024",830090,,Secondary School,080 41178289
261,,SINDHI HIGH SCHOOL(KUMARA KRUPA ROAD),"10/7 KUMARA KRUPA ROAD BANGALORE KARNATAKA
,560001",830006,,Secondary School,080 22261509
262,,Smt. Kamala Bai Educational Institution,"Connaught Road,Queen's Road Cross, Bangalore, Karnataka- 560052 ,560052",830360,,Secondary School,080 22341011
263,,SOUNDARYA CENTRAL SCHOOL,"Soundarya Nagara, Sidedahalli, Nagasandra Post, Bangalore.
,560073",830587,,Secondary School,080 28391115
264,,SREE AYYAPPA EDUCATION CENTRE,"9/15 MEDARHALLI CHIKBHANUVARA YESHWANTHAPUR HOBLI BANGALORE KARNATAKA
,577602",830139,,Secondary School,080 23253939
265,,SREE SARASWATHI VIDYA MANDIRA ASSOCIATION,"NO 9, VANIVILAS ROAD, V.V.PURAM BANGALORE
,560004",830845,,Secondary School,080-26611725
266,,Sree Swamy Vivekananda Higher Primary School,"Atturu Layout, Near Housing Board Colony, Yelahanka, Bangalore 560064. ,560064",830843,,Secondary School,8073024629
267,,SRI AUROBINDO MEMORIAL SCHOOL,"13-A MAIN ROAD 22ND CROSS BANASHANKARI II- STAGE BANGALORE KARNATAKA
,560070",830002,,Secondary School,080 26716666
268,,Sri Aurobindo Public School,"No. 206,B, Canarabank Layout, Sri Ammembal Subbarao Pai Nagar, Bangalore-560097 ,560097",830673,,Secondary School,8023626686
269,SRI CHAITANYA TECHNO SCHOOL,SRI CHAITANYA TECHNO SCHOOL(K R PURAM),"SHARMANNA GARDEN, DEVASANDRA MAIN ROAD, K R PURAM BANGALORE ,560036",830570,,Secondary School,080 65469742
270,SRI CHAITANYA TECHNO SCHOOL,Sri Chaitanya Techno School(Doddabettahalli),"13/1, Ambabhavani Temple Road, Doddabettahalli Vidyaranyapura Post, ,560097",830682,,Secondary School,91 9243601142
271,SRI CHAITANYA TECHNO SCHOOL,Sri Chaitanya Techno School(HSR Layout),"Sy no: 55/2, 19th main 27th cross Sector 2 HSR Layout Bangalore - 560102 ,560102",830714,,Secondary School,0-8861004640
272,SRI CHAITANYA TECHNO SCHOOL,SRI CHAITANYA TECHNO SCHOOL(HULIMAVU),"PLOT NO.75/A, HULIMAVU, BANNERGHATTA MAINROAD, BENGALURU-560076 ,560076",830583,,Secondary School,080 64510262
273,SRI CHAITANYA TECHNO SCHOOL,sri chaitanya techno school(jambo savari dinne),"kothanur dinne main road, jambo savari dinne j p nagar 8th phase
,560062",830504,,Secondary School,080 65469749
274,SRI CHAITANYA TECHNO SCHOOL,SRI CHAITANYA TECHNO SCHOOL(JNANAGANA NAGAR),"PLOT NO.42/6,JNANAGANA NAGAR,OPP:BANGALORE UNIVERSITY STAFF QUARTERS,MYSORE RINGROAD,BANGALORE
,560056",830571,,Secondary School,"080
9243689247"
275,SRI CHAITANYA TECHNO SCHOOL,"SRI CHAITANYA TECHNO SCHOOL(MARUTHI LAYOUT
Kudlu)","MARUTHI LAYOUT, NEAR SHIVA TEMPLE, KUDLU, SINGHA SANDRA POST, ANEKAL TALUK, BENGALORE
,560068",830449,,Secondary School,080 64552081
276,SRI CHAITANYA TECHNO SCHOOL,"SRI CHAITANYA TECHNO SCHOOL(MUNNEKOLALA, MARATHAHALLI)","MUNNEKOLALA, MARATHAHALLI, BANGALORE ,560037",830453,,Secondary School,080 64552084
277,SRI CHAITANYA TECHNO SCHOOL,SRI CHAITANYA TECHNO SCHOOL(NAGAVARA VILLAGE),"NAGAVARA VILLAGE KASABA HOBELLI BANGALORE ,560045",830541,,Secondary School,080 65409740
278,SRI CHAITANYA TECHNO SCHOOL,"Sri Chaitanya Techno School(Ramachandrapura,Vidyaranya pura)","#21/3,
Ramachandrapura,Vidyaranyapura,J alahalli post,Bangalore-13 ,560013",830728,,Secondary School,"080-
9243600264"
279,SRI CHAITANYA TECHNO SCHOOL,SRI CHAITANYA TECHNO SCHOOL(RAMAMURTHY NAGAR),"SEETHAPPA GARDEN HOUSE, T C PALYA MAIN ROAD, RAMAMURTHY NAGAR, RAGHAVENDRA CIRCLE, BANGALORE ,560016",830444,,Secondary School,080 65685615
280,SRI CHAITANYA TECHNO SCHOOL,SRI CHAITANYA TECHNO SCHOOL(SESHADRIPURAM),"SRINIVASA COMPLEX,I MAINROAD,SESHADRIPURAM, NEAR FORTIS HOSPITAL,BANGALORE
,560020",830534,,Senior Secondary,91 9663488997
281,SRI CHAITANYA TECHNO SCHOOL,Sri Chaitanya Techno School(West of Chord Road),"31/2, 6th main, 14th cross, West of Chord Road, 2nd Stage, 2nd Phase, Near Nagapura Circle, Mahalakshmipuram, Bengaluru
,560086",830846,,Secondary School,9353081436
282,SRI DEVARAJ URS INTERNATONAL RESIDENTIAL SCHOOL,SRI DEVARAJ URS INTERNATONAL RESIDENTIAL SCHOOL,"DHARAGAJOGI HALL KODIGAHALL POST DODDABALLAPURA BANGALORE RURAL DISTT KARNATAKA ,561203",830094,,Secondary School,080 27670521
283,Sri Jnana Gangotri International School,Sri Jnana Gangotri International School,"Cheemasandra Meian Road Virgonagar Post, Bangalore ,560049",830675,,Secondary School,"080
9901304487"
284,SRI JNANAKSHI VIDYA NIKETAN,SRI JNANAKSHI VIDYA NIKETAN,"SURVEY NO 248 HALAGEVADERSHALI KANGRI HOBLI SRI RAJ RAJESHWARI VIDYA NIKETAN, BANGALORE KARNATAKA ,560039",830103,,Secondary School,080 28604356
285,SRI K.K. EDUCATION CENTRE,SRI K.K. EDUCATION CENTRE,"No. 34/5, 19th K.M. Magadi Road, Kadabagere Cross, Bangalore-562 130. ,562130",830256,,Secondary School,"080 080-
22928776"
286,Sri Kumaran Children',Sri Kumaran Childrens Academy,"No 28/4, House List No 140 Doddakalasandra Uttarahalli Hobli Kanakapura Road, Bangalore, Karnataka-560062 ,560062",830601,,Secondary School,080 26321077
287,Sri Kumaran Children',Sri Kumaran Children's Home English Nursery and Primary School,"mallasandr village, uttarahalli hobli bengaluru south taluk bengale- 560062 ,560062",830047,,Secondary School,080 26080201
288,sri lakshmi public school,sri lakshmi public school,"127/5, magadi main road, srigandhada kaval, vishwaneedam post, sunkadakatte, bangale.
,560091",830327,,Senior Secondary,080 22729446
289,SRI MARUTHI PRIMARY AND HIGH SCHOOL,SRI MARUTHI PRIMARY AND HIGH SCHOOL,"MARUTHI NAGAR, KOTHANUR, J.P.NAGAR, VII PHASE, BANGALORE-78
,560078",830382,,Senior Secondary,"080-26850069
26545272"
290,SRI NIRVANASWAMY PUBLIC SCHOOL,SRI NIRVANASWAMY PUBLIC SCHOOL,"Sri Degula Math Campus, Kanakapura ,562117",830465,,Secondary School,080 27522460
291,Sri Rajarajeshwari Public School,Sri Rajarajeshwari Public School,"Heggunda, Nelamangala Taluk, Bangalore Rural District. ,542111",830528,,Secondary School,0816 2252385
292,SRI RAMA VIDYALAYA,SRI RAMA VIDYALAYA,"103/2 JAKKUR LAYOUT BANGALORE KARNATAKA
,560064",830101,,Secondary School,080 23637720
293,Sri Sarvajna Public School,Sri Sarvajna Public School,"#7 & 8, 14th cross, MC Layout, Vijaynagar ,560040",830760,,Secondary School,080 23354648
294,SRI SHARADA VIDYA NIKETANA,SRI SHARADA VIDYA NIKETANA,"SY NO. 15, IST MAIN, 8THCROSS, ISRO LAYOUT, BANGALORE 560 078 ,560078",830469,,Secondary School,080 26668563
295,SRI SIDDAGANGA HIGHER PRIMARY SCHOOL,SRI SIDDAGANGA HIGHER PRIMARY SCHOOL,"DCA SITE NO 1 IST STAGE II PHASE CHANDRA LAYOUT BANGALORE KARNATAKA
,580002",830147,,Senior Secondary,080 23397600
296,Sri Sri Ravishankar Vidya Mandir,"Sri Sri Ravishankar Vidya Mandir, Bangalore Ashram","No 269-270, B M Kavalu 21 km, Kanakapura Road Usayapura, Bangalore ,560082",830328,,Secondary School,080 65999951
297,Sri Sri Ravishankar Vidya Mandir,"Sri Sri Ravishankar Vidya Mandir, Bangalore North","CA site No 04, HMT, HBCS
Layout,Thindlu , Vidyaranyapura
,560097",830326,,Senior Secondary,080 23641305
298,Sri Sri Ravishankar Vidya Mandir,"Sri Sri Ravishankar Vidya Mandir,(Kachamaranahalli, Varthur)","28,29 Kachamaranahalli, Varthur Hobli, Off Sarjapur Ring Road
,560087",830320,,Secondary School,080 65835859
299,sri vidyalakshmi international public school,sri vidyalakshmi international public school,"no.14 ii main road bel layout anjananagar magadi main road
,560091",830506,,Secondary School,080 23486601
300,SRI VIDYAMANYA VIDYA KENDRA,SRI VIDYAMANYA VIDYA KENDRA,"1st cross, Vidyamanya nagar, Andrahalli main road, Vishwaneedam post, ,560091",830614,,Secondary School,080 23246188
301,SWAMY VIVEKANANDA CENTRAL SCHOOL,Sri Vivekananda Vidya Kendra,"Sri Ramakrishna Road, Sir M.Vishveshwaraiah Extension, Hoskote, Bangalore Rural Dist. – 562 114 ,562114",830680,,Secondary School,"080-27931115
080-27935065"
302,SRINIDHI PUBLIC SCHOOL,SRINIDHI PUBLIC SCHOOL,"# 20,21,22,""A M SRINIVAS GARDEN"",1st CROSS, 3rd MAIN, SRINIDHI LAYOUT, CHUNCHUGHATTA MAIN ROAD, NEW BANK COLONY,BANGALORE ,560062",830826,,Secondary School,080 - 26324343
303,SRIVANI EDUCATION CENTRE SCHOOL,SRIVANI EDUCATION CENTRE SCHOOL,"S NO 143 HANUMAVANA MACHOHALLI BAPAGRAM POST MASADI ROAD BANGALORE, KARNATAKA
,560091",830082,,Secondary School,080 23286998
304,SSVN Public School,SSVN Public School,"# 21, Pattareddy Palya, Kaggalipura, Kanakapura Main Road ,560082",830647,,Secondary School,080 28432283
305,St. Benedict's School,St. Benedict's School,"Asirvanam Monastery, Kumbalagodu Post, Bangalore South 560 074. ,560074",830357,,Secondary School,080 28437920
306,St. Josephs Indian Primary School,St. Josephs Indian Primary School,"No.23, Vittal Mallya Road,Bangalore ,560001",830735,,Senior Secondary,080 22226045
307,ST. XAVIERS SCHOOL,ST. XAVIERS SCHOOL,"BETTADASANAPURA, ELECTRONIC CITY POST, HOBLI ,560100",830704,,Secondary School,080 65300311
308,ST.PAUL'S SCHOOL,ST.PAUL'S SCHOOL,"#1, 2nd Main, B.D.A Layout, Pattegarapalya, Prashanthanagar, Bangalore ,560079",830560,,Secondary School,080 23288822
309,Sudarshan Vidya Mandir CBSE Academy,Sudarshan Vidya Mandir CBSE Academy,"No. 43/1 & 43/2, SAKALAVARA ROAD, OFF BANNERAGHATTA ROAD, LAKSHMIPURA VILLAGE,ANNEKAL TALUK,
,560083",830786,,Secondary School,8027837137
310,SUNRISE INTERNATIONAL RESIDENTIAL SCHOOL,SUNRISE INTERNATIONAL RESIDENTIAL SCHOOL,"LAKSHMINARAYANAPURA, HUSKUR POST, NEAR ELECTRONIC CITY, BEHIND APMC MARKET, ,560099",830304,,Secondary School,080 27848052
311,SVET SCHOOL,SVET SCHOOL,"#1, Giddenahalli yadavana Halli Post, Anekal Taluk, bangalore
,562107",830837,,Secondary School,8027859077
312,Swaminarayan International School,Swaminarayan International School,"PO Kumbalgodu, Kanimikike, Next To Pepsi Factory ,560074",830547,,Secondary School,080 32985000
313,SWAMY VIVEKANANDA CENTRAL SCHOOL,SWAMY VIVEKANANDA CENTRAL SCHOOL,"THALI MAIN ROAD,THELAGARAHALLI,VAN AKANAHALLI, ,562106",830708,,Secondary School,080 29785500
314,SWAMY VIVEKANANDA CENTRAL SCHOOL,Swamy Vivekananda VidyaNiketana School,"Attibele Industrial Area, Guddahatti Road, Neralur, Anekal Taluk,
,562107",830555,,Secondary School,080 27820777
315,TATTVA SCHOOL,TATTVA SCHOOL,"Survey No. 70/2, Hospalya, Kumbalgod P.O.,Mysore Road, Opp. Pepsi Factory, ,560074",830605,,Secondary School,080 33627052
316,The Amaatra Academy Lower Primary School,The Amaatra Academy Lower Primary School,"Off Sarjapur Road, Survey #45/3, Kasavanahalli Main Road, Haraluru, Bangalore 560 102.
,560102",830491,,Secondary School,080 65391555
317,THE BRIGADE SCHOOL,THE BRIGADE SCHOOL,"BRIGADE MILLENNIUM CAMPUS J P NAGAR 7TH PHASE BANGALORE KARNATAKA ,560078",830111,,Senior Secondary,080 41301390
318,THE BRIGADE SCHOOL,The Brigade School At Mahadevapura,"Plot No. 9, Sy. No. 35, Dyavasandra Industrial Estate, 1st Phase, Krishnarajapuram Hobli, Bangalore South Taluk, Bangalore ,560048",830709,,Secondary School,8041148397
319,THE BRIGADE SCHOOL,The Brigade School At Malleswaram,"No. 26/1, Ward No. 9A Rajajinagar Extension Malleswaram West
,560055",830692,,Senior Secondary,8041148397
320,THE DEEN'S ACADEMY,THE DEEN'S ACADEMY,"NO/ 64/1 & 65/2, E.C.C. ROAD, WHITE FIELD, BANGALORE - 560 066 ,560066",830274,,Secondary School,080 28454691
321,The Foundation School,The Foundation School,"Sy No. 153/4, Halasahalli- Thippasanda Village, Sarjapura Hobli, Anekal Taluk ,560087",830712,,Secondary School,8065594777
322,The Great Eastern International Public School,The Great Eastern International Public School,"No. 18, Lingadeeranahalli, Yeshwanthpur Hobli, Bangalore North Taluk. Karnataka. ,560090",830539,,Secondary School,080 23245266
323,The JHS School,The JHS School,"S.B.M. Colony,B.S.K.1st Stage,Bangalore-560050 ,560050",830410,,Secondary School,080 26696161
324,THE OXFORD SENIOR SECONDARY SCHOOL,THE OXFORD SENIOR SECONDARY SCHOOL,"I-PHASE J P NAGAR BANGALORE KARNATAKA
,560078",830028,,Secondary School,080 30410512
325,The Samhita Academy,The Samhita Academy,"Survey No. 52, Lakshmipura Village, (Off Bannerghatta Road), Jigani Hobli Anekal Taluk ,560083",830441,,Secondary School,080 46622466
326,THE SMART SCHOOL,THE SMART SCHOOL,"77/2,MACHOHALLI, DASANAPURAHOBLI, BAPAGRAM POST ,560091",830324,,Senior Secondary,080 29771515
327,Thyagaraju Central School,Thyagaraju Central School,"#30/1 A, Byramangala Cross,B M Road, Bidadi, Bangalore Rural Dist.
,562109",830191,,Secondary School,080 27304585
328,TREAMIS WORLD SCHOOL,TREAMIS WORLD SCHOOL,"NO.263/1, HULIMANGALA POST, JIGANI HOBLI, ANEKAL TQ, BANGALORE ,562106",830264,,Secondary School,"080
8027839651"
329,Vagdevi Vilas School,V S S INTERNATIONAL PUBLIC SCHOOL,"78, NAGADEVANAHALLI, MYSORE RING ROAD, BANGALORE ,560056",830187,,Secondary School,080 28485191
330,Vagdevi Vilas School,"VAGDEVI VILAS SCHOOL(
Chikkatirupathi Road, Varthur)","Sy. No. 218, Chikkatirupathi Road, Varthur, Bangalore. ,560087",830253,,Secondary School,080 65901900
331,Vagdevi Vilas School,Vagdevi Vilas School(Byramangala Villege),"Survey No. 55/S6, 55/7, & 54/3, Byramangala Villege, Bidadi Hobli, Ramanagaram Taluk, Bangalore Rural Distt. ,562109",830375,,Secondary School,080 27201039
332,Vagdevi Vilas School,"Vagdevi Vilas School(Dommasandra Road, Varthur)","No.218, Dommasandra Road, Varthur, Bangalore-77 ,560087",830848,,Secondary School,8028538205
333,VAGDEVI VILAS SCHOOL,VAGDEVI VILAS SCHOOL(MUNEKOLALU MARATHAHALLi),"SY NO 77/2 3B, 4&5 MUNELOLALU MARATHAHALLA PO BANGALORE KARNATAKA
,560037",830115,,Senior Secondary,080 28495850
334,VAHE GLOBAL ACADEMY,VAHE GLOBAL ACADEMY,"Sy No:33/1,Kachmarana Halli,Gunjur, Varthur, Bangalore.
,560087",830724,,Secondary School,9880215496
335,VENKAT INTERNATIONAL PUBLIC SCHOOL,VENKAT INTERNATIONAL PUB SCHOOL(5TH BLOCK RAJAJI NAGAR),"5TH BLOCK RAJAJI NAGAR BANGALORE KARNATAKA
,560010",830081,,Secondary School,080 23382572
336,VENKAT INTERNATIONAL PUBLIC SCHOOL,VENKAT INTERNATIONAL PUBLIC SCHOOL(KB TEMPLE STREET 6TH STREET RAJAJI NAGAR),"19/A/1913/2 KB TEMPLE STREET 6TH STREET RAJAJI NAGAR BANGALORE KARNATAKA ,560010",830154,,Senior Secondary,080 23152016
337,Vidya Sanskaar International Public School,Vidya Sanskaar International Public School,"Behind Pooja Hospital, Machohalli Gate, Magadi Main Road, ,560091",830474,,Secondary School,080 28536855
338,VIDYA VAHINI SCHOOL,VIDYA VAHINI SCHOOL,"SRIGANDHADAKOVAL NEAR HEALTH LAYOUT VISHWANEEDAM POST BANGALORE KARNATAKA
,560091",830136,,Secondary School,080 23483398
339,Vidya Vardhaka Sangha Gandhi Centenary English Primary School,Vidya Vardhaka Sangha Gandhi Centenary English Primary School,"FIRST BLOCK RAJAJINAGAR
,560010",830416,,Senior Secondary,080 23378717
340,VIDYANIKETAN PUBLIC SCHOOL,VIDYANIKETAN PUBLIC SCHOOL,"961 9TH CROSS 13TH MAIN ULLAL UPANAGARA BANGALORE KARNATAKA
,560050",830041,,Senior Secondary,080 23240364
341,VIDYANJALI ACADEMY FOR LEARNING,VIDYANJALI ACADEMY FOR LEARNING,"CHOLANAYAKANAHALLI, R.
T. NAGAR, BANGALORE, KARNATAKA ,560032",830238,,Secondary School,080 23544891
342,Vidyashree High School,Vidyashree High School,"Anjanagar, Magadi Main Raod, Bangalore. ,560091",830751,,Secondary School,80234185802
343,VIJAYA BHARATHI VIDYALAYA,VIJAYA BHARATHI VIDYALAYA,"# 570/A , 11TH A CROSS , 2ND PHASE ,560085",830775,,Secondary School,080-26720854
344,Vishwa Venkateswara International School,Vishwa Venkateswara International School,"# 72, Thirumala Garden ,560060",830685,,Secondary School,080 28486262
345,Vishwaprajnaa Academy,Vishwaprajnaa Academy,"Yalachaguppe, Tavarekere Hobli, Bangalore South Taluk,Bangalore.
,562130",830785,,Secondary School,8028536333
346,Vyasa International School,Vyasa International School,"Sy. No. 101/2, Kodigehalli Village, Yelahanka Hobli Bangalore North Taluk, Bangalore-94 ,560094",830316,,Secondary School,080 23454777
347,Vydehi School of Excellence,Vydehi School of Excellence,"82,EPIP Area, Vydehi Campus, Whitefield , Bangaluru- 560066
,560066",830527,,Secondary School,080 46636000
348,Whitefield Global School,Whitefield Global School,"KRS Garden, Channasandra Main Road, near Hope Farm, White field Bangalore- 560066 ,560066",830272,,Secondary School,080 28450000
349,YASHASVI VIDYANIKETHAN,YASHASVI VIDYANIKETHAN,"NO-1/2,BAGALUR-ROAD, KATTEGENAHALLI, BANGALORE-63 ,560063",830425,,Secondary School,080 32326330
350,Young Scholars Academy,Young Scholars Academy,"Vishwanatha Nagenahalli,NEAR CHURCH, R T Nagar Post, Bangalore-560032 ,560032",830569,,Secondary School,080 23658000
